{"cameraMode":{"drawMode":0,"name":"Shaded","section":"Shading Mode"},"sceneLighting":true,"audioPlay":false,"sceneViewState":{"showFog":true,"showMaterialUpdate":false,"showSkybox":false,"showFlares":true,"showImageEffects":true,"showParticleSystems":true},"in2DMode":false,"pivot":{"x":-0.17270538210868836,"y":2.722195625305176,"z":-0.023082461208105089},"rotation":{"x":0.09279725700616837,"y":-0.521267294883728,"z":0.05714917927980423,"w":0.8464072346687317},"size":2.76810622215271,"orthographic":false}