{"cameraMode":{"drawMode":0,"name":"Shaded","section":"Shading Mode"},"sceneLighting":false,"audioPlay":false,"sceneViewState":{"showFog":true,"showMaterialUpdate":false,"showSkybox":true,"showFlares":true,"showImageEffects":true,"showParticleSystems":true},"in2DMode":false,"pivot":{"x":0.0,"y":1.7612138986587525,"z":-9.5367431640625e-7},"rotation":{"x":0.03685467690229416,"y":-0.9619188904762268,"z":0.16557109355926515,"w":0.21564970910549165},"size":28.314655303955079,"orthographic":false}