{"cameraMode":{"drawMode":0,"name":"Shaded","section":"Shading Mode"},"sceneLighting":false,"audioPlay":false,"sceneViewState":{"showFog":true,"showMaterialUpdate":false,"showSkybox":true,"showFlares":true,"showImageEffects":true,"showParticleSystems":true},"in2DMode":false,"pivot":{"x":-14.748149871826172,"y":-23.14105224609375,"z":58.62968826293945},"rotation":{"x":-0.030580129474401475,"y":0.8851855993270874,"z":-0.05878251791000366,"w":-0.4604983329772949},"size":569.3026123046875,"orthographic":false}