{"cameraMode":{"drawMode":0,"name":"Shaded","section":"Shading Mode"},"sceneLighting":false,"audioPlay":false,"sceneViewState":{"showFog":false,"showMaterialUpdate":true,"showSkybox":false,"showFlares":true,"showImageEffects":true,"showParticleSystems":true},"in2DMode":false,"pivot":{"x":15.477472305297852,"y":0.5659424066543579,"z":-13.891754150390625},"rotation":{"x":-0.11474420875310898,"y":0.6584081649780273,"z":-0.10254122316837311,"w":-0.7367621660232544},"size":2.213256597518921,"orthographic":false}