{"cameraMode":{"drawMode":0,"name":"Shaded","section":"Shading Mode"},"sceneLighting":false,"audioPlay":false,"sceneViewState":{"showFog":true,"showMaterialUpdate":false,"showSkybox":true,"showFlares":true,"showImageEffects":true,"showParticleSystems":true},"in2DMode":false,"pivot":{"x":0.0,"y":6.987860679626465,"z":-0.000001430511474609375},"rotation":{"x":0.03685467690229416,"y":-0.9619188904762268,"z":0.16557109355926515,"w":0.21564970910549165},"size":17.72808074951172,"orthographic":false}