{"cameraMode":{"drawMode":0,"name":"Shaded","section":"Shading Mode"},"sceneLighting":true,"audioPlay":false,"sceneViewState":{"showFog":false,"showMaterialUpdate":true,"showSkybox":true,"showFlares":true,"showImageEffects":true,"showParticleSystems":true},"in2DMode":false,"pivot":{"x":237.02659606933595,"y":1.6789158582687379,"z":24.685806274414064},"rotation":{"x":-0.038669832050800326,"y":0.9589521288871765,"z":-0.16115763783454896,"w":-0.23010332882404328},"size":8.21065616607666,"orthographic":false}