{"cameraMode":{"drawMode":0,"name":"Shaded","section":"Shading Mode"},"sceneLighting":false,"audioPlay":false,"sceneViewState":{"showFog":false,"showMaterialUpdate":true,"showSkybox":false,"showFlares":true,"showImageEffects":true,"showParticleSystems":true},"in2DMode":false,"pivot":{"x":12.48237419128418,"y":0.8036364316940308,"z":-14.43346881866455},"rotation":{"x":0.013481386005878449,"y":0.7222850918769836,"z":0.014087389223277569,"w":-0.6913238167762756},"size":5.049002170562744,"orthographic":false}