{"cameraMode":{"drawMode":0,"name":"Shaded","section":"Shading Mode"},"sceneLighting":true,"audioPlay":false,"sceneViewState":{"showFog":true,"showMaterialUpdate":false,"showSkybox":false,"showFlares":true,"showImageEffects":true,"showParticleSystems":true},"in2DMode":false,"pivot":{"x":237.92201232910157,"y":4.065978527069092,"z":42.239891052246097},"rotation":{"x":-0.05638088285923004,"y":0.9349218010902405,"z":-0.1730262041091919,"w":-0.3046441376209259},"size":4.807467460632324,"orthographic":false}