{"cameraMode":{"drawMode":0,"name":"Shaded","section":"Shading Mode"},"sceneLighting":false,"audioPlay":false,"sceneViewState":{"showFog":false,"showMaterialUpdate":true,"showSkybox":false,"showFlares":true,"showImageEffects":true,"showParticleSystems":true},"in2DMode":false,"pivot":{"x":234.99000549316407,"y":5.360000133514404,"z":32.25},"rotation":{"x":-0.10772580653429032,"y":0.8856131434440613,"z":-0.3718240559101105,"w":-0.2565803825855255},"size":8.293086051940918,"orthographic":false}